deliverable_id,work_package,wp_title,title,type,dissemination,expected_date,source_page,file_url,local_file,download_status,download_date,byte_size,sha256
D1.1,WP1,Land Data Assimilation Methodology for reanalysis,Preliminary assessment of ensemble perturbation methods for the land-surface assimilation systems,REPORT,Public,Dec-2023,https://www.cerise-project.eu/deliverables,https://www.cerise-project.eu/sites/default/files/2023-12/CERISE-D1-1-V1.0.pdf,projects/cerise/data/public_deliverables/WP1_Land_DA_Methodology/D1.1_Preliminary_assessment_of_ensemble_perturbation_methods_for_the_land-surfac/CERISE_D1.1_2023_Dec-2023_Preliminary_assessment_of_ensemble_perturbation_methods_for_the_land-surface_assimilation_syste_v1.0.pdf,downloaded,2026-06-17,2563942,a030d6b545dc170bd3e18b108c0094d90d84daf7a772db5ecbc75eb2b245ee13
D1.2,WP1,Land Data Assimilation Methodology for reanalysis,"Unified, ensemble-based global land data assimilation system and documentation",REPORT,Public,Dec-2024,https://www.cerise-project.eu/deliverables,https://www.cerise-project.eu/sites/default/files/2025-02/CERISE-D1-2-V1.1.pdf,projects/cerise/data/public_deliverables/WP1_Land_DA_Methodology/D1.2_Unified_ensemble-based_global_land_data_assimilation_system_and_documentati/CERISE_D1.2_2024_Dec-2024_Unified_ensemble-based_global_land_data_assimilation_system_and_documentation_v1.1.pdf,downloaded,2026-06-17,1970384,f42bf45c153e818ece3e0c6fd590b37757ab14d535cf61db70923e9322de5465
D1.3,WP1,Land Data Assimilation Methodology for reanalysis,"Unified, ensemble-based regional land data assimilation system and documentation",REPORT,Public,Dec-2024,https://www.cerise-project.eu/deliverables,https://www.cerise-project.eu/sites/default/files/2025-02/CERISE-D1-3-V1.1.pdf,projects/cerise/data/public_deliverables/WP1_Land_DA_Methodology/D1.3_Unified_ensemble-based_regional_land_data_assimilation_system_and_documenta/CERISE_D1.3_2024_Dec-2024_Unified_ensemble-based_regional_land_data_assimilation_system_and_documentation_v1.1.pdf,downloaded,2026-06-17,2244090,e627db3c40aa495a3e0157f028b2bc3ccac02fd43189075b99457d9255f73a12
D1.4,WP1,Land Data Assimilation Methodology for reanalysis,Report on observation operator methodology ready for implementation in coupled global and regional systems,REPORT,Public,Dec-2025,https://www.cerise-project.eu/deliverables,https://www.cerise-project.eu/sites/default/files/2026-01/CERISE-D1-4-V1.0.pdf,projects/cerise/data/public_deliverables/WP1_Land_DA_Methodology/D1.4_Report_on_observation_operator_methodology_ready_for_implementation_in_coup/CERISE_D1.4_2025_Dec-2025_Report_on_observation_operator_methodology_ready_for_implementation_in_coupled_global_and_regio_v1.0.pdf,downloaded,2026-06-17,7421493,e0abc08b83f2cee37c806c4b72a638476c4e5748b847ae3632f60272095ee4da
D2.1,WP2,Coupled surface-atmosphere assimilation for global and reanalysis systems,Documentation of coupled assimilation infrastructure and methodology and preliminary assessment towards optimal degrees of coupling for coupled global reanalysis,REPORT,Public,Dec-2024,https://www.cerise-project.eu/deliverables,https://www.cerise-project.eu/sites/default/files/2025-02/CERISE-D2-1-V2.0.pdf,projects/cerise/data/public_deliverables/WP2_Coupled_Surface_Atmosphere_DA/D2.1_Documentation_of_coupled_assimilation_infrastructure_and_methodology_and_pr/CERISE_D2.1_2024_Dec-2024_Documentation_of_coupled_assimilation_infrastructure_and_methodology_and_preliminary_assessment_v2.0.pdf,downloaded,2026-06-17,2322289,185daec0552c04fb6f92087559ce5bdb8510e6cc00612c2695baddefed6c458e
D2.2,WP2,Coupled surface-atmosphere assimilation for global and reanalysis systems,Documentation of coupled assimilation methodology and preliminary assessment towards optimal degrees of coupling for regional reanalysis,REPORT,Public,Dec-2024,https://www.cerise-project.eu/deliverables,https://www.cerise-project.eu/sites/default/files/2025-02/CERISE-D2-2-V1.pdf,projects/cerise/data/public_deliverables/WP2_Coupled_Surface_Atmosphere_DA/D2.2_Documentation_of_coupled_assimilation_methodology_and_preliminary_assessmen/CERISE_D2.2_2024_Dec-2024_Documentation_of_coupled_assimilation_methodology_and_preliminary_assessment_towards_optimal_de_v1.pdf,downloaded,2026-06-17,1364373,e790836fe021016cf5b5304dce725a0e11170324835581365474d27ead88e1c3
D2.3,WP2,Coupled surface-atmosphere assimilation for global and reanalysis systems,Documentation on coupled skin temperature assimilation for coupled reanalysis,REPORT,Public,Dec-2025,https://www.cerise-project.eu/deliverables,https://www.cerise-project.eu/sites/default/files/2026-01/CERISE-D2-3-V1.2.pdf,projects/cerise/data/public_deliverables/WP2_Coupled_Surface_Atmosphere_DA/D2.3_Documentation_on_coupled_skin_temperature_assimilation_for_coupled_reanalys/CERISE_D2.3_2025_Dec-2025_Documentation_on_coupled_skin_temperature_assimilation_for_coupled_reanalysis_v1.2.pdf,downloaded,2026-06-17,1839863,cd88c150fcc9f0f5eb92992af81ddfa2cccedfb7bbff4d92b957df310007bac4
D2.4,WP2,Coupled surface-atmosphere assimilation for global and reanalysis systems,Documentation on coupled skin temperature assimilation for regional reanalyses,REPORT,Public,Dec-2025,https://www.cerise-project.eu/deliverables,https://www.cerise-project.eu/sites/default/files/2026-01/CERISE-D2-4-V1.0_0.pdf,projects/cerise/data/public_deliverables/WP2_Coupled_Surface_Atmosphere_DA/D2.4_Documentation_on_coupled_skin_temperature_assimilation_for_regional_reanaly/CERISE_D2.4_2025_Dec-2025_Documentation_on_coupled_skin_temperature_assimilation_for_regional_reanalyses_v1.0.0.pdf,downloaded,2026-06-17,6613572,de80d38e8b94ae9ac1c0f8211a57f96026abdc404dfe89cbd797b9faab88f3fd
D2.5,WP2,Coupled surface-atmosphere assimilation for global and reanalysis systems,Documentation on next reanalysis generation coupled assimilation systems,REPORT,Public,Dec-2026,https://www.cerise-project.eu/deliverables,,,no_file_link_found,2026-06-17,,
D3.1,WP3,Balanced initialization of land surface for seasonal forecasts,Documentation of the intermediate set of land surface initialisation systems,REPORT,Public,Sep-2025,https://www.cerise-project.eu/deliverables,https://www.cerise-project.eu/sites/default/files/2025-09/CERISE-D3-1-V1.2.pdf,projects/cerise/data/public_deliverables/WP3_Seasonal_Initialization/D3.1_Documentation_of_the_intermediate_set_of_land_surface_initialisation_system/CERISE_D3.1_2025_Sep-2025_Documentation_of_the_intermediate_set_of_land_surface_initialisation_systems_v1.2.pdf,downloaded,2026-06-17,993612,dd4df74afc8d41fdcfdc409e10f12205e7d6d8ac364ca442863d98b58bcdb3ed
D3.2,WP3,Balanced initialization of land surface for seasonal forecasts,One or more sets of land surface initial conditions for 1993-2022 for use in seasonal forecast demonstrators,DATA,Confidential,Sep-2025,https://www.cerise-project.eu/deliverables,,,skipped_confidential,2026-06-17,,
D3.3,WP3,Balanced initialization of land surface for seasonal forecasts,"Monthly mean land surface data from initialisation systems used for D3.2, to allow intercomparison and further assessment",DATA,Confidential,Sep-2025,https://www.cerise-project.eu/deliverables,,,skipped_confidential,2026-06-17,,
D3.4,WP3,Balanced initialization of land surface for seasonal forecasts,Monthly mean land surface data from the real-time initialisation systems - for further assessment,DATA,Confidential,Mar-2026,https://www.cerise-project.eu/deliverables,,,skipped_confidential,2026-06-17,,
D3.5,WP3,Balanced initialization of land surface for seasonal forecasts,"Documentation of the final version of land surface initialisation systems, including real-time prototypes",REPORT,Public,Jun-2026,https://www.cerise-project.eu/deliverables,,,no_file_link_found,2026-06-17,,
D4.1,WP4,Reanalysis prototypes,Deliver ERA6-Land-Pv2 Land prototype to provide a basis for ERA6-Land,DATA,Confidential,Sep-2025,https://www.cerise-project.eu/deliverables,,,skipped_confidential,2026-06-17,,
D4.2,WP4,Reanalysis prototypes,Deliver ERA7-Pv2 second prototype as preparation for ERA7,DATA,Confidential,Dec-2026,https://www.cerise-project.eu/deliverables,,,skipped_confidential,2026-06-17,,
D4.3,WP4,Reanalysis prototypes,"Deliver CARRA-land-Pv2, second prototype of an offline Arctic land system",DATA,Confidential,Aug-2025,https://www.cerise-project.eu/deliverables,,,skipped_confidential,2026-06-17,,
D4.4,WP4,Reanalysis prototypes,Deliver CERRA-land-Pv1 reanalysis over Europe,DATA,Confidential,Dec-2025,https://www.cerise-project.eu/deliverables,,,skipped_confidential,2026-06-17,,
D4.5,WP4,Reanalysis prototypes,"Deliver CARRA3-Pv1, prototype for CARRA3",DATA,Confidential,Dec-2025,https://www.cerise-project.eu/deliverables,,,skipped_confidential,2026-06-17,,
D4.6,WP4,Reanalysis prototypes,"Deliver CERRA2-Pv1, prototype for CERRA2",DATA,Confidential,Sep-2026,https://www.cerise-project.eu/deliverables,,,skipped_confidential,2026-06-17,,
D5.1,WP5,Seasonal forecast demonstrators,Output of CMCC demonstrators in the data archive,DATA,Confidential,Dec-2025,https://www.cerise-project.eu/deliverables,,,skipped_confidential,2026-06-17,,
D5.2,WP5,Seasonal forecast demonstrators,Output of DWD demonstrators in the data archive,DATA,Confidential,Dec-2025,https://www.cerise-project.eu/deliverables,,,skipped_confidential,2026-06-17,,
D5.3,WP5,Seasonal forecast demonstrators,Output of ECMWF demonstrators in the data archive,DATA,Confidential,Dec-2025,https://www.cerise-project.eu/deliverables,,,skipped_confidential,2026-06-17,,
D5.4,WP5,Seasonal forecast demonstrators,Output of MF demonstrators in the data archive,DATA,Confidential,Dec-2025,https://www.cerise-project.eu/deliverables,,,skipped_confidential,2026-06-17,,
D5.5,WP5,Seasonal forecast demonstrators,Output of MetO demonstrators in the data archive,DATA,Confidential,Dec-2025,https://www.cerise-project.eu/deliverables,,,skipped_confidential,2026-06-17,,
D5.6,WP5,Seasonal forecast demonstrators,Conclusions of the common assessment of the impact of improvements in land initialization on forecast performance,REPORT,Public,Oct-2026,https://www.cerise-project.eu/deliverables,,,no_file_link_found,2026-06-17,,
D6.1,WP6,Evaluation and exploitation of demonstrator results for future C3S implementations,Report providing a protocol for assessing the improvement in the quality in the demonstrators,REPORT,Public,Jun-2025,https://www.cerise-project.eu/deliverables,https://www.cerise-project.eu/sites/default/files/2025-06/CERISE-D6-1-V1.0.pdf,projects/cerise/data/public_deliverables/WP6_Demonstrator_Evaluation/D6.1_Report_providing_a_protocol_for_assessing_the_improvement_in_the_quality_in/CERISE_D6.1_2025_Jun-2025_Report_providing_a_protocol_for_assessing_the_improvement_in_the_quality_in_the_demonstrators_v1.0.pdf,downloaded,2026-06-17,3021935,f3d2074ce7bf63fbee7a567a15847477a3e3a9e72f850082b2654b8ddca62309
D6.2,WP6,Evaluation and exploitation of demonstrator results for future C3S implementations,Report providing feedback on the impact of time varying vegetation in reanalysis on seasonal forecasts,REPORT,Public,Dec-2025,https://www.cerise-project.eu/deliverables,https://www.cerise-project.eu/sites/default/files/2026-01/CERISE-D6-2-V3.0.pdf,projects/cerise/data/public_deliverables/WP6_Demonstrator_Evaluation/D6.2_Report_providing_feedback_on_the_impact_of_time_varying_vegetation_in_reana/CERISE_D6.2_2025_Dec-2025_Report_providing_feedback_on_the_impact_of_time_varying_vegetation_in_reanalysis_on_seasonal_fo_v3.0.pdf,downloaded,2026-06-17,1790251,45e0fa7972de46bb2cceeb623380c95408dfb35facfceb3e1a80ef0b274638d6
D6.3,WP6,Evaluation and exploitation of demonstrator results for future C3S implementations,Report providing feedback on the impact of land assimilation in reanalysis on seasonal forecasts,REPORT,Public,Dec-2025,https://www.cerise-project.eu/deliverables,https://www.cerise-project.eu/sites/default/files/2026-01/CERISE-D6.3-V1.pdf,projects/cerise/data/public_deliverables/WP6_Demonstrator_Evaluation/D6.3_Report_providing_feedback_on_the_impact_of_land_assimilation_in_reanalysis/CERISE_D6.3_2025_Dec-2025_Report_providing_feedback_on_the_impact_of_land_assimilation_in_reanalysis_on_seasonal_forecast_v1.pdf,downloaded,2026-06-17,2323266,13a45156a925c1bbbce18b02a993260709ff7dc9fb6314b90c8e8fc7f0b4d4c9
D6.4,WP6,Evaluation and exploitation of demonstrator results for future C3S implementations,Recommendations report on next C3S system developments and future reanalysis and seasonal forecast assessment,REPORT,Public,Dec-2026,https://www.cerise-project.eu/deliverables,,,no_file_link_found,2026-06-17,,
D6.5,WP6,Evaluation and exploitation of demonstrator results for future C3S implementations,Recommendations report of new land products for C3S,REPORT,Public,Dec-2026,https://www.cerise-project.eu/deliverables,,,no_file_link_found,2026-06-17,,
D7.1,WP7,Land-atmosphere interface observations,Satellite snow and soil moisture datasets in the CERISE verification database,DATA,Confidential,Dec-2024,https://www.cerise-project.eu/deliverables,,,skipped_confidential,2026-06-17,,
D7.2,WP7,Land-atmosphere interface observations,"Albedo, vegetation and LST satellite datasets in the CERISE verification database",DATA,Confidential,Dec-2024,https://www.cerise-project.eu/deliverables,,,skipped_confidential,2026-06-17,,
D7.3,WP7,Land-atmosphere interface observations,Preliminary in situ observations dataset in the CERISE verification database,DATA,Confidential,Dec-2023,https://www.cerise-project.eu/deliverables,,,skipped_confidential,2026-06-17,,
D7.4,WP7,Land-atmosphere interface observations,"Time-varying lake cover, Land Cover and LAI, and extension of CONFESS vegetation data back to 1925 datasets",DATA,Public,Apr-2025,https://www.cerise-project.eu/deliverables,https://www.cerise-project.eu/sites/default/files/2025-05/CERISE-D7-4-V1.0.pdf,projects/cerise/data/public_deliverables/WP7_Land_Atmosphere_Interface_Observations/D7.4_Time-varying_lake_cover_Land_Cover_and_LAI_and_extension_of_CONFESS_vegetat/CERISE_D7.4_2025_Apr-2025_Time-varying_lake_cover_Land_Cover_and_LAI_and_extension_of_CONFESS_vegetation_data_back_to_192_v1.0.pdf,downloaded,2026-06-17,5175336,0f45c41324e1a5b926b30cc8618f11f45903ce8e84a85793cdcfa134d63b121d
D8.1,WP8,"Project management, coordination, dissemination and oversight",Risk and Quality Management Plan,REPORT,Confidential,Mar-2023,https://www.cerise-project.eu/deliverables,,,skipped_confidential,2026-06-17,,
D8.2,WP8,"Project management, coordination, dissemination and oversight",Dissemination and Exploitation Plan,REPORT,Public,May-2023,https://www.cerise-project.eu/deliverables,https://www.cerise-project.eu/sites/default/files/2025-02/CERISE-D8.2-V2.pdf,projects/cerise/data/public_deliverables/WP8_Project_Management_Dissemination/D8.2_Dissemination_and_Exploitation_Plan/CERISE_D8.2_2023_May-2023_Dissemination_and_Exploitation_Plan_v2.pdf,downloaded,2026-06-17,412510,fe7d41a3d265908b9805660ab2da01981108f2e47fda052f6b83e39be26c83ea
D8.3,WP8,"Project management, coordination, dissemination and oversight",Media and Communication Plan,REPORT,Public,Jun-2023,https://www.cerise-project.eu/deliverables,https://www.cerise-project.eu/sites/default/files/2025-02/CERISE-D8-3-V1.0.pdf,projects/cerise/data/public_deliverables/WP8_Project_Management_Dissemination/D8.3_Media_and_Communication_Plan/CERISE_D8.3_2023_Jun-2023_Media_and_Communication_Plan_v1.0.pdf,downloaded,2026-06-17,1321316,68e9109a23998a6c018f51c5825b3e87fdf9902fe9d3c3f8c8ca3dff590fecc1
D8.4,WP8,"Project management, coordination, dissemination and oversight",Data Management Plan,REPORT,Public,Jun-2023,https://www.cerise-project.eu/deliverables,https://www.cerise-project.eu/sites/default/files/2023-07/CERISE-D8-4-V1.0.pdf,projects/cerise/data/public_deliverables/WP8_Project_Management_Dissemination/D8.4_Data_Management_Plan/CERISE_D8.4_2023_Jun-2023_Data_Management_Plan_v1.0.pdf,downloaded,2026-06-17,387217,11330d1386221f69848f00fffb4862c7811f51496d7d08ae7df7282362ebdcdf
D8.5,WP8,"Project management, coordination, dissemination and oversight",Interim technical review report,REPORT,Confidential,Dec-2024,https://www.cerise-project.eu/deliverables,,,skipped_confidential,2026-06-17,,
D8.6,WP8,"Project management, coordination, dissemination and oversight",Mid-Term Dissemination and Exploitation Report,REPORT,Public,Dec-2024,https://www.cerise-project.eu/deliverables,https://www.cerise-project.eu/sites/default/files/2025-02/CERISE-D8-6-V1.pdf,projects/cerise/data/public_deliverables/WP8_Project_Management_Dissemination/D8.6_Mid-Term_Dissemination_and_Exploitation_Report/CERISE_D8.6_2024_Dec-2024_Mid-Term_Dissemination_and_Exploitation_Report_v1.pdf,downloaded,2026-06-17,1182734,b6d9dc1e972091a1282b0199e451e75df62bcf45754842c96a5e89c54080a0d1
D8.7,WP8,"Project management, coordination, dissemination and oversight",Final Dissemination and Exploitation Report,REPORT,Public,Dec-2026,https://www.cerise-project.eu/deliverables,,,no_file_link_found,2026-06-17,,
